{
  "dataset": "cifar",
  "model_name": "advanced",
  "optimizer": "adam",
  "regularization": "weight_decay",
  "weight_decay": 0.0001,
  "augmentation": false,
  "params": 2906336,
  "threshold_pixel_val95": 0.0026475302060134705,
  "threshold_feature_val95": 0.003368849787394993,
  "threshold_combined_val95": 0.3566721774521663,
  "threshold_pixel_youden": 0.000660689955111593,
  "threshold_feature_youden": 0.0019250182546056748,
  "threshold_combined_youden": 0.19819440598339721,
  "threshold_pixel_f1": 6.209711136762053e-05,
  "threshold_feature_f1": 0.0009304070679449081,
  "threshold_combined_f1": 0.03274408005285756,
  "threshold_pixel": 0.0026475302060134705,
  "threshold_feature": 0.003368849787394993,
  "threshold_combined": 0.3566721774521663,
  "selected_threshold_method": "val95",
  "selected_score": "feature_score",
  "combined_pixel_weight": 0.4,
  "combined_feature_weight": 0.6,
  "pixel_direction": "higher_is_anomaly",
  "feature_direction": "higher_is_anomaly",
  "combined_direction": "higher_is_anomaly",
  "auroc_pixel": 0.6047257222222222,
  "prauc_pixel": 0.9275165970298779,
  "auroc_feature": 0.7784782222222222,
  "prauc_feature": 0.9638352051997952,
  "auroc_combined": 0.7702735555555555,
  "prauc_combined": 0.962247224320947,
  "best_f1_pixel": 0.9474182851729038,
  "best_f1_feature": 0.9487397639051367,
  "best_f1_combined": 0.948351358480612,
  "accuracy_pixel_f1": 0.9001,
  "precision_pixel_f1": 0.9000900090009001,
  "recall_pixel_f1": 1.0,
  "f1_pixel_f1": 0.9474182851729038,
  "accuracy_feature_f1": 0.9036,
  "precision_feature_f1": 0.909749133183765,
  "recall_feature_f1": 0.9912222222222222,
  "f1_feature_f1": 0.9487397639051367,
  "accuracy_combined_f1": 0.9021,
  "precision_combined_f1": 0.9028628829733802,
  "recall_combined_f1": 0.9986666666666667,
  "f1_combined_f1": 0.948351358480612,
  "train_loss_last": 0.00715240257140249,
  "val_loss_last": 0.0009521264010472805,
  "best_val_loss": 0.0008949830195451795,
  "val_pixel_min": 5.938665344729088e-05,
  "val_pixel_max": 0.026828764006495476,
  "val_feature_min": 0.0005007255766327034,
  "val_feature_max": 0.005689662200629756,
  "advanced_description": "Denoising Attention Residual Autoencoder with SE Block, Bottleneck Self-Attention, MSE+SSIM+Perceptual Loss",
  "threshold_recomputed": true
}