{
  "dataset": "bottle",
  "model_name": "baseline",
  "optimizer": "sgd",
  "regularization": "weight_decay",
  "weight_decay": 0.0001,
  "augmentation": false,
  "params": 777987,
  "threshold_pixel_val95": 0.13552380204200745,
  "threshold_feature_val95": 0.004182383208535612,
  "threshold_combined_val95": 0.7436961973519921,
  "threshold_pixel_youden": 0.13804827630519867,
  "threshold_feature_youden": 0.004189446568489075,
  "threshold_combined_youden": 1.0539558680268877,
  "threshold_pixel_f1": 0.12082239985466003,
  "threshold_feature_f1": 0.003949085716158152,
  "threshold_combined_f1": -1.5253848375517491,
  "threshold_pixel": 0.13552380204200745,
  "threshold_feature": 0.004182383208535612,
  "threshold_combined": 0.7436961973519921,
  "selected_threshold_method": "val95",
  "selected_score": "pixel_score",
  "combined_pixel_weight": 0.4,
  "combined_feature_weight": 0.6,
  "pixel_direction": "higher_is_anomaly",
  "feature_direction": "higher_is_anomaly",
  "combined_direction": "higher_is_anomaly",
  "auroc_pixel": 0.273015873015873,
  "prauc_pixel": 0.6491133017593826,
  "auroc_feature": 0.2722222222222222,
  "prauc_feature": 0.6539509711235106,
  "auroc_combined": 0.2634920634920635,
  "prauc_combined": 0.643890445533716,
  "best_f1_pixel": 0.8551724137931035,
  "best_f1_feature": 0.8551724137931035,
  "best_f1_combined": 0.8551724137931035,
  "accuracy_pixel_f1": 0.7469879518072289,
  "precision_pixel_f1": 0.7560975609756098,
  "recall_pixel_f1": 0.9841269841269841,
  "f1_pixel_f1": 0.8551724137931035,
  "accuracy_feature_f1": 0.7469879518072289,
  "precision_feature_f1": 0.7560975609756098,
  "recall_feature_f1": 0.9841269841269841,
  "f1_feature_f1": 0.8551724137931035,
  "accuracy_combined_f1": 0.7469879518072289,
  "precision_combined_f1": 0.7560975609756098,
  "recall_combined_f1": 0.9841269841269841,
  "f1_combined_f1": 0.8551724137931035,
  "train_loss_last": 0.13631075485186142,
  "val_loss_last": 0.13620454356783912,
  "best_val_loss": 0.13409470270077387,
  "val_pixel_min": 0.1315765678882599,
  "val_pixel_max": 0.1359250247478485,
  "val_feature_min": 0.004078628960996866,
  "val_feature_max": 0.00422359025105834,
  "advanced_description": "Convolutional Autoencoder baseline",
  "threshold_recomputed": true
}