{
  "dataset": "cifar",
  "model_name": "baseline",
  "optimizer": "sgd",
  "regularization": "weight_decay",
  "weight_decay": 0.0001,
  "augmentation": false,
  "params": 777987,
  "threshold_pixel_val95": 0.015572052216157314,
  "threshold_feature_val95": 0.2588347777724266,
  "threshold_combined_val95": 0.23476333183432205,
  "threshold_pixel_youden": 0.00470133638009429,
  "threshold_feature_youden": 0.07666096091270447,
  "threshold_combined_youden": 0.056987334980447814,
  "threshold_pixel_f1": 0.0010451274705166153,
  "threshold_feature_f1": 0.029018185403584237,
  "threshold_combined_f1": 0.0027454676203153812,
  "threshold_pixel": 0.015572052216157314,
  "threshold_feature": 0.2588347777724266,
  "threshold_combined": 0.23476333183432205,
  "selected_threshold_method": "val95",
  "selected_score": "pixel_score",
  "combined_pixel_weight": 0.4,
  "combined_feature_weight": 0.6,
  "pixel_direction": "higher_is_anomaly",
  "feature_direction": "higher_is_anomaly",
  "combined_direction": "higher_is_anomaly",
  "auroc_pixel": 0.6277305555555556,
  "prauc_pixel": 0.9279206755184626,
  "auroc_feature": 0.5399187222222221,
  "prauc_feature": 0.895496384870621,
  "auroc_combined": 0.5677371111111111,
  "prauc_combined": 0.9071772655460658,
  "best_f1_pixel": 0.9474681545425835,
  "best_f1_feature": 0.9475125032903395,
  "best_f1_combined": 0.9475180291624994,
  "accuracy_pixel_f1": 0.9002,
  "precision_pixel_f1": 0.9001800360072014,
  "recall_pixel_f1": 1.0,
  "f1_pixel_f1": 0.9474681545425835,
  "accuracy_feature_f1": 0.9003,
  "precision_feature_f1": 0.9003501750875438,
  "recall_feature_f1": 0.9998888888888889,
  "f1_feature_f1": 0.9475125032903395,
  "accuracy_combined_f1": 0.9003,
  "precision_combined_f1": 0.9002700810243073,
  "recall_combined_f1": 1.0,
  "f1_combined_f1": 0.9475180291624994,
  "train_loss_last": 0.008254748998209833,
  "val_loss_last": 0.006464640603517182,
  "best_val_loss": 0.006464640603517182,
  "val_pixel_min": 0.001093866303563118,
  "val_pixel_max": 0.08999256044626236,
  "val_feature_min": 0.026574406772851944,
  "val_feature_max": 0.8266732692718506,
  "advanced_description": "Convolutional Autoencoder baseline",
  "threshold_recomputed": true
}