{
  "dataset": "bottle",
  "model_name": "advanced",
  "optimizer": "adam",
  "regularization": "weight_decay",
  "weight_decay": 0.0001,
  "augmentation": false,
  "params": 2906336,
  "threshold_pixel_val95": 0.0032783525530248876,
  "threshold_feature_val95": 0.010462562173139305,
  "threshold_combined_val95": 0.8106299318667236,
  "threshold_pixel_youden": 0.003597098169848323,
  "threshold_feature_youden": 0.010657776659354568,
  "threshold_combined_youden": 0.811734144941143,
  "threshold_pixel_f1": 0.002753259614109993,
  "threshold_feature_f1": 0.00979250971352476,
  "threshold_combined_f1": 0.5184951411304379,
  "threshold_pixel": 0.0032783525530248876,
  "threshold_feature": 0.010462562173139305,
  "threshold_combined": 0.8106299318667236,
  "selected_threshold_method": "val95",
  "selected_score": "feature_score",
  "combined_pixel_weight": 0.4,
  "combined_feature_weight": 0.6,
  "pixel_direction": "higher_is_anomaly",
  "feature_direction": "higher_is_anomaly",
  "combined_direction": "higher_is_anomaly",
  "auroc_pixel": 0.6944444444444444,
  "prauc_pixel": 0.8993257580607914,
  "auroc_feature": 0.876984126984127,
  "prauc_feature": 0.9570053575183194,
  "auroc_combined": 0.8468253968253968,
  "prauc_combined": 0.9480435104371236,
  "best_f1_pixel": 0.8551724137931035,
  "best_f1_feature": 0.9185185185185185,
  "best_f1_combined": 0.8955223880597015,
  "accuracy_pixel_f1": 0.7469879518072289,
  "precision_pixel_f1": 0.7560975609756098,
  "recall_pixel_f1": 0.9841269841269841,
  "f1_pixel_f1": 0.8551724137931035,
  "accuracy_feature_f1": 0.8674698795180723,
  "precision_feature_f1": 0.8611111111111112,
  "recall_feature_f1": 0.9841269841269841,
  "f1_feature_f1": 0.9185185185185185,
  "accuracy_combined_f1": 0.8313253012048193,
  "precision_combined_f1": 0.8450704225352113,
  "recall_combined_f1": 0.9523809523809523,
  "f1_combined_f1": 0.8955223880597015,
  "train_loss_last": 0.038688183508136055,
  "val_loss_last": 0.002907421489778374,
  "best_val_loss": 0.002907421489778374,
  "val_pixel_min": 0.0025045836810022593,
  "val_pixel_max": 0.003307929029688239,
  "val_feature_min": 0.009179307622835042,
  "val_feature_max": 0.010882337735965846,
  "advanced_description": "Denoising Attention Residual Autoencoder with SE Block, Bottleneck Self-Attention, MSE+SSIM+Perceptual Loss",
  "threshold_recomputed": true
}