{
  "dataset": "cifar",
  "model_name": "baseline",
  "optimizer": "adam",
  "regularization": "weight_decay",
  "weight_decay": 0.0001,
  "augmentation": false,
  "params": 777987,
  "threshold_pixel_val95": 0.0026365266647189836,
  "threshold_feature_val95": 1.692880377959227e-05,
  "threshold_combined_val95": 0.24281708182693523,
  "threshold_pixel_youden": 0.0005412920145317912,
  "threshold_feature_youden": 3.2405532692791894e-06,
  "threshold_combined_youden": 0.044560628471852846,
  "threshold_pixel_f1": 0.00013537990162149072,
  "threshold_feature_f1": 1.434899003284942e-06,
  "threshold_combined_f1": 0.010086672726391086,
  "threshold_pixel": 0.0026365266647189836,
  "threshold_feature": 1.692880377959227e-05,
  "threshold_combined": 0.24281708182693523,
  "selected_threshold_method": "val95",
  "selected_score": "pixel_score",
  "combined_pixel_weight": 0.4,
  "combined_feature_weight": 0.6,
  "pixel_direction": "higher_is_anomaly",
  "feature_direction": "higher_is_anomaly",
  "combined_direction": "higher_is_anomaly",
  "auroc_pixel": 0.6489586666666667,
  "prauc_pixel": 0.935313170295489,
  "auroc_feature": 0.6631271111111112,
  "prauc_feature": 0.9325243475567019,
  "auroc_combined": 0.6736458888888889,
  "prauc_combined": 0.9353289013777571,
  "best_f1_pixel": 0.9474182851729038,
  "best_f1_feature": 0.9475908706677938,
  "best_f1_combined": 0.9476793248945148,
  "accuracy_pixel_f1": 0.9001,
  "precision_pixel_f1": 0.9000900090009001,
  "recall_pixel_f1": 1.0,
  "f1_pixel_f1": 0.9474182851729038,
  "accuracy_feature_f1": 0.9008,
  "precision_feature_f1": 0.9033037872683319,
  "recall_feature_f1": 0.9964444444444445,
  "f1_feature_f1": 0.9475908706677938,
  "accuracy_combined_f1": 0.9008,
  "precision_combined_f1": 0.9020080321285141,
  "recall_combined_f1": 0.9982222222222222,
  "f1_combined_f1": 0.9476793248945148,
  "train_loss_last": 0.001636797445360571,
  "val_loss_last": 0.001107020287134219,
  "best_val_loss": 0.0009259568352863425,
  "val_pixel_min": 0.0001308812206843868,
  "val_pixel_max": 0.027314087375998497,
  "val_feature_min": 8.21020989860699e-07,
  "val_feature_max": 4.234924563206732e-05,
  "advanced_description": "Convolutional Autoencoder baseline",
  "threshold_recomputed": true
}