{
  "dataset": "hazelnut",
  "model_name": "advanced",
  "optimizer": "adam",
  "regularization": "weight_decay",
  "weight_decay": 0.0001,
  "augmentation": false,
  "params": 2906336,
  "threshold_pixel_val95": 0.000831081456271931,
  "threshold_feature_val95": 0.009458748005330564,
  "threshold_combined_val95": 0.6856137773278798,
  "threshold_pixel_youden": 0.0007226096349768341,
  "threshold_feature_youden": 0.00884137530811131,
  "threshold_combined_youden": 0.5387158746886165,
  "threshold_pixel_f1": 0.0004702851445496668,
  "threshold_feature_f1": 0.007059071992763807,
  "threshold_combined_f1": 0.20050437361146095,
  "threshold_pixel": 0.000831081456271931,
  "threshold_feature": 0.009458748005330564,
  "threshold_combined": 0.6856137773278798,
  "selected_threshold_method": "val95",
  "selected_score": "pixel_score",
  "combined_pixel_weight": 0.4,
  "combined_feature_weight": 0.6,
  "pixel_direction": "higher_is_anomaly",
  "feature_direction": "higher_is_anomaly",
  "combined_direction": "higher_is_anomaly",
  "auroc_pixel": 0.7188405797101449,
  "prauc_pixel": 0.8576226414852288,
  "auroc_feature": 0.7047101449275361,
  "prauc_feature": 0.8414809377957901,
  "auroc_combined": 0.7152173913043478,
  "prauc_combined": 0.8508231062484188,
  "best_f1_pixel": 0.7727272727272727,
  "best_f1_feature": 0.788235294117647,
  "best_f1_combined": 0.7796610169491526,
  "accuracy_pixel_f1": 0.6330275229357798,
  "precision_pixel_f1": 0.6355140186915887,
  "recall_pixel_f1": 0.9855072463768116,
  "f1_pixel_f1": 0.7727272727272727,
  "accuracy_feature_f1": 0.6697247706422018,
  "precision_feature_f1": 0.6633663366336634,
  "recall_feature_f1": 0.9710144927536232,
  "f1_feature_f1": 0.788235294117647,
  "accuracy_combined_f1": 0.6422018348623854,
  "precision_combined_f1": 0.6388888888888888,
  "recall_combined_f1": 1.0,
  "f1_combined_f1": 0.7796610169491526,
  "train_loss_last": 0.0215801983140409,
  "val_loss_last": 0.0013938529786795284,
  "best_val_loss": 0.0005689079142352448,
  "val_pixel_min": 0.0003400275018066168,
  "val_pixel_max": 0.0013165810378268361,
  "val_feature_min": 0.005055953375995159,
  "val_feature_max": 0.010715611930936574,
  "advanced_description": "Denoising Attention Residual Autoencoder with SE Block, Bottleneck Self-Attention, MSE+SSIM+Perceptual Loss",
  "threshold_recomputed": true
}