{
  "dataset": "hazelnut",
  "model_name": "baseline",
  "optimizer": "sgd",
  "regularization": "weight_decay",
  "weight_decay": 0.0001,
  "augmentation": false,
  "params": 777987,
  "threshold_pixel_val95": 0.054405694454908365,
  "threshold_feature_val95": 8.500867843627928,
  "threshold_combined_val95": 0.6760359013443414,
  "threshold_pixel_youden": 0.04326096177101135,
  "threshold_feature_youden": 6.974257469177246,
  "threshold_combined_youden": 0.3148309848267282,
  "threshold_pixel_f1": 0.04284552695310634,
  "threshold_feature_f1": 5.057067697263482,
  "threshold_combined_f1": 0.15876722169958984,
  "threshold_pixel": 0.054405694454908365,
  "threshold_feature": 8.500867843627928,
  "threshold_combined": 0.6760359013443414,
  "selected_threshold_method": "val95",
  "selected_score": "combined_score",
  "combined_pixel_weight": 0.4,
  "combined_feature_weight": 0.6,
  "pixel_direction": "higher_is_anomaly",
  "feature_direction": "higher_is_anomaly",
  "combined_direction": "higher_is_anomaly",
  "auroc_pixel": 0.868840579710145,
  "prauc_pixel": 0.9250038253045768,
  "auroc_feature": 0.6971014492753623,
  "prauc_feature": 0.8338597402616366,
  "auroc_combined": 0.7768115942028985,
  "prauc_combined": 0.8776258624206227,
  "best_f1_pixel": 0.851063829787234,
  "best_f1_feature": 0.7931034482758621,
  "best_f1_combined": 0.7975460122699386,
  "accuracy_pixel_f1": 0.8073394495412844,
  "precision_pixel_f1": 0.8333333333333334,
  "recall_pixel_f1": 0.8695652173913043,
  "f1_pixel_f1": 0.851063829787234,
  "accuracy_feature_f1": 0.6697247706422018,
  "precision_feature_f1": 0.6571428571428571,
  "recall_feature_f1": 1.0,
  "f1_feature_f1": 0.7931034482758621,
  "accuracy_combined_f1": 0.6972477064220184,
  "precision_combined_f1": 0.6914893617021277,
  "recall_combined_f1": 0.9420289855072463,
  "f1_combined_f1": 0.7975460122699386,
  "train_loss_last": 0.04883221201598644,
  "val_loss_last": 0.04768059709215466,
  "best_val_loss": 0.04768059709215466,
  "val_pixel_min": 0.04079851880669594,
  "val_pixel_max": 0.060364264994859695,
  "val_feature_min": 4.245551109313965,
  "val_feature_max": 10.482730865478516,
  "advanced_description": "Convolutional Autoencoder baseline",
  "threshold_recomputed": true
}