{
  "dataset": "bottle",
  "model_name": "baseline",
  "optimizer": "adam",
  "regularization": "augmentation",
  "weight_decay": 0.0,
  "augmentation": true,
  "params": 777987,
  "threshold_pixel_val95": 0.0015405733138322828,
  "threshold_feature_val95": 0.003471304150298238,
  "threshold_combined_val95": 0.7952098817433221,
  "threshold_pixel_youden": 0.0015711331507191062,
  "threshold_feature_youden": 0.00339572224766016,
  "threshold_combined_youden": 0.6807973953663055,
  "threshold_pixel_f1": 0.0009875454707071185,
  "threshold_feature_f1": 0.0030049766619443695,
  "threshold_combined_f1": -0.041540738346358574,
  "threshold_pixel": 0.0015405733138322828,
  "threshold_feature": 0.003471304150298238,
  "threshold_combined": 0.7952098817433221,
  "selected_threshold_method": "val95",
  "selected_score": "pixel_score",
  "combined_pixel_weight": 0.4,
  "combined_feature_weight": 0.6,
  "pixel_direction": "higher_is_anomaly",
  "feature_direction": "higher_is_anomaly",
  "combined_direction": "higher_is_anomaly",
  "auroc_pixel": 0.5253968253968254,
  "prauc_pixel": 0.8152734276806095,
  "auroc_feature": 0.6976190476190476,
  "prauc_feature": 0.8845316269849297,
  "auroc_combined": 0.6341269841269841,
  "prauc_combined": 0.8649112403638828,
  "best_f1_pixel": 0.8551724137931035,
  "best_f1_feature": 0.8592592592592593,
  "best_f1_combined": 0.8551724137931035,
  "accuracy_pixel_f1": 0.7469879518072289,
  "precision_pixel_f1": 0.7560975609756098,
  "recall_pixel_f1": 0.9841269841269841,
  "f1_pixel_f1": 0.8551724137931035,
  "accuracy_feature_f1": 0.7710843373493976,
  "precision_feature_f1": 0.8055555555555556,
  "recall_feature_f1": 0.9206349206349206,
  "f1_feature_f1": 0.8592592592592593,
  "accuracy_combined_f1": 0.7469879518072289,
  "precision_combined_f1": 0.7560975609756098,
  "recall_combined_f1": 0.9841269841269841,
  "f1_combined_f1": 0.8551724137931035,
  "train_loss_last": 0.002208961618386886,
  "val_loss_last": 0.0013038862879121943,
  "best_val_loss": 0.0012991061583826585,
  "val_pixel_min": 0.0010389051167294383,
  "val_pixel_max": 0.0015656743198633194,
  "val_feature_min": 0.002875089179724455,
  "val_feature_max": 0.0036878418177366257,
  "advanced_description": "Convolutional Autoencoder baseline",
  "threshold_recomputed": true
}