{
  "dataset": "bottle",
  "model_name": "baseline",
  "optimizer": "adam",
  "regularization": "weight_decay",
  "weight_decay": 0.0001,
  "augmentation": false,
  "params": 777987,
  "threshold_pixel_val95": 0.0019284389272797848,
  "threshold_feature_val95": 0.003177647455595434,
  "threshold_combined_val95": 0.8269999408155698,
  "threshold_pixel_youden": 0.001959665212780237,
  "threshold_feature_youden": 0.0031048408709466457,
  "threshold_combined_youden": 0.7993769824243722,
  "threshold_pixel_f1": 0.0013508345000445843,
  "threshold_feature_f1": 0.0024558771401643753,
  "threshold_combined_f1": 0.05090999428054831,
  "threshold_pixel": 0.0019284389272797848,
  "threshold_feature": 0.003177647455595434,
  "threshold_combined": 0.8269999408155698,
  "selected_threshold_method": "pixel_val95",
  "selected_score": "pixel_score",
  "combined_pixel_weight": 0.4,
  "combined_feature_weight": 0.6,
  "pixel_direction": "higher_is_anomaly",
  "feature_direction": "higher_is_anomaly",
  "combined_direction": "higher_is_anomaly",
  "auroc_pixel": 0.4888888888888889,
  "prauc_pixel": 0.8052081919310032,
  "auroc_feature": 0.5103174603174604,
  "prauc_feature": 0.7895211609012273,
  "auroc_combined": 0.5023809523809524,
  "prauc_combined": 0.7892539770366105,
  "best_f1_pixel": 0.8551724137931035,
  "best_f1_feature": 0.8551724137931035,
  "best_f1_combined": 0.8551724137931035,
  "accuracy_pixel_f1": 0.7469879518072289,
  "precision_pixel_f1": 0.7560975609756098,
  "recall_pixel_f1": 0.9841269841269841,
  "f1_pixel_f1": 0.8551724137931035,
  "accuracy_feature_f1": 0.7469879518072289,
  "precision_feature_f1": 0.7560975609756098,
  "recall_feature_f1": 0.9841269841269841,
  "f1_feature_f1": 0.8551724137931035,
  "accuracy_combined_f1": 0.7469879518072289,
  "precision_combined_f1": 0.7560975609756098,
  "recall_combined_f1": 0.9841269841269841,
  "f1_combined_f1": 0.8551724137931035,
  "train_loss_last": 0.0010340390991504219,
  "val_loss_last": 0.003793210456413882,
  "best_val_loss": 0.0016406492435462063,
  "val_pixel_min": 0.0013882083585485816,
  "val_pixel_max": 0.001945815165527165,
  "val_feature_min": 0.0023242442402988672,
  "val_feature_max": 0.003341672709211707,
  "advanced_description": "Convolutional Autoencoder baseline",
  "threshold_recomputed": true
}