{
  "dataset": "cifar",
  "model_name": "baseline",
  "optimizer": "adam",
  "regularization": "augmentation",
  "weight_decay": 0.0,
  "augmentation": true,
  "params": 777987,
  "threshold_pixel_val95": 0.0004989287204807623,
  "threshold_feature_val95": 0.006861695647239685,
  "threshold_combined_val95": 0.02715769347961387,
  "threshold_pixel_youden": 0.00016414199490100145,
  "threshold_feature_youden": 0.00232907198369503,
  "threshold_combined_youden": 0.008035160815895438,
  "threshold_pixel_f1": 4.2754832975333557e-05,
  "threshold_feature_f1": 0.00024180489708669484,
  "threshold_combined_f1": -0.0001620714305200066,
  "threshold_pixel": 0.0004989287204807623,
  "threshold_feature": 0.006861695647239685,
  "threshold_combined": 0.02715769347961387,
  "selected_threshold_method": "val95",
  "selected_score": "pixel_score",
  "combined_pixel_weight": 0.4,
  "combined_feature_weight": 0.6,
  "pixel_direction": "higher_is_anomaly",
  "feature_direction": "higher_is_anomaly",
  "combined_direction": "higher_is_anomaly",
  "auroc_pixel": 0.6441740555555555,
  "prauc_pixel": 0.9264869949416318,
  "auroc_feature": 0.6413098888888888,
  "prauc_feature": 0.9295170035897731,
  "auroc_combined": 0.6432063333333333,
  "prauc_combined": 0.9286182023957292,
  "best_f1_pixel": 0.9474182851729038,
  "best_f1_feature": 0.9474182851729038,
  "best_f1_combined": 0.9474182851729038,
  "accuracy_pixel_f1": 0.9001,
  "precision_pixel_f1": 0.9000900090009001,
  "recall_pixel_f1": 1.0,
  "f1_pixel_f1": 0.9474182851729038,
  "accuracy_feature_f1": 0.9001,
  "precision_feature_f1": 0.9000900090009001,
  "recall_feature_f1": 1.0,
  "f1_feature_f1": 0.9474182851729038,
  "accuracy_combined_f1": 0.9001,
  "precision_combined_f1": 0.9000900090009001,
  "recall_combined_f1": 1.0,
  "f1_combined_f1": 0.9474182851729038,
  "train_loss_last": 0.0008656697892583906,
  "val_loss_last": 0.00031551365969789913,
  "best_val_loss": 0.00023414362338007778,
  "val_pixel_min": 4.722104131360538e-05,
  "val_pixel_max": 0.011958378367125988,
  "val_feature_min": 0.00024821871193125844,
  "val_feature_max": 0.31861671805381775,
  "advanced_description": "Convolutional Autoencoder baseline",
  "threshold_recomputed": true
}