{
  "dataset": "hazelnut",
  "model_name": "baseline",
  "optimizer": "adam",
  "regularization": "augmentation",
  "weight_decay": 0.0,
  "augmentation": true,
  "params": 777987,
  "threshold_pixel_val95": 0.0005832215247210111,
  "threshold_feature_val95": 0.014427875913679597,
  "threshold_combined_val95": 0.6716406060051052,
  "threshold_pixel_youden": 0.00047865280066616833,
  "threshold_feature_youden": 0.009869074448943138,
  "threshold_combined_youden": 0.37129993328572164,
  "threshold_pixel_f1": 0.0003956047585234046,
  "threshold_feature_f1": 0.0054830907965483875,
  "threshold_combined_f1": 0.1775065031139672,
  "threshold_pixel": 0.0005832215247210111,
  "threshold_feature": 0.014427875913679597,
  "threshold_combined": 0.6716406060051052,
  "selected_threshold_method": "pixel_val95",
  "selected_score": "pixel_score",
  "combined_pixel_weight": 0.4,
  "combined_feature_weight": 0.6,
  "pixel_direction": "higher_is_anomaly",
  "feature_direction": "higher_is_anomaly",
  "combined_direction": "higher_is_anomaly",
  "auroc_pixel": 0.8492753623188406,
  "prauc_pixel": 0.9149670129359364,
  "auroc_feature": 0.7670289855072464,
  "prauc_feature": 0.8804645620679434,
  "auroc_combined": 0.8101449275362318,
  "prauc_combined": 0.8970412257586418,
  "best_f1_pixel": 0.8299319727891157,
  "best_f1_feature": 0.783625730994152,
  "best_f1_combined": 0.8076923076923077,
  "accuracy_pixel_f1": 0.7706422018348624,
  "precision_pixel_f1": 0.782051282051282,
  "recall_pixel_f1": 0.8840579710144928,
  "f1_pixel_f1": 0.8299319727891157,
  "accuracy_feature_f1": 0.6605504587155964,
  "precision_feature_f1": 0.6568627450980392,
  "recall_feature_f1": 0.9710144927536232,
  "f1_feature_f1": 0.783625730994152,
  "accuracy_combined_f1": 0.7247706422018348,
  "precision_combined_f1": 0.7241379310344828,
  "recall_combined_f1": 0.9130434782608695,
  "f1_combined_f1": 0.8076923076923077,
  "train_loss_last": 0.0007325716695049777,
  "val_loss_last": 0.0006862605739196267,
  "best_val_loss": 0.0003911782928471324,
  "val_pixel_min": 0.00023611290089320391,
  "val_pixel_max": 0.0008456117939203978,
  "val_feature_min": 0.003793888259679079,
  "val_feature_max": 0.019645467400550842,
  "advanced_description": "Convolutional Autoencoder baseline",
  "threshold_recomputed": true
}