{
  "dataset": "hazelnut",
  "model_name": "baseline",
  "optimizer": "adam",
  "regularization": "weight_decay",
  "weight_decay": 0.0001,
  "augmentation": false,
  "params": 777987,
  "threshold_pixel_val95": 0.0007885787868872285,
  "threshold_feature_val95": 0.008571658656001088,
  "threshold_combined_val95": 0.5603412642920644,
  "threshold_pixel_youden": 0.000499871326610446,
  "threshold_feature_youden": 0.0036363101098686457,
  "threshold_combined_youden": 0.17790244336565608,
  "threshold_pixel_f1": 0.0004659797602066814,
  "threshold_feature_f1": 0.003639914821148118,
  "threshold_combined_f1": 0.11357291875110849,
  "threshold_pixel": 0.0007885787868872285,
  "threshold_feature": 0.008571658656001088,
  "threshold_combined": 0.5603412642920644,
  "selected_threshold_method": "pixel_val95",
  "selected_score": "pixel_score",
  "combined_pixel_weight": 0.4,
  "combined_feature_weight": 0.6,
  "pixel_direction": "higher_is_anomaly",
  "feature_direction": "higher_is_anomaly",
  "combined_direction": "higher_is_anomaly",
  "auroc_pixel": 0.888768115942029,
  "prauc_pixel": 0.9368975167389415,
  "auroc_feature": 0.8815217391304349,
  "prauc_feature": 0.9387655110605045,
  "auroc_combined": 0.8884057971014494,
  "prauc_combined": 0.9402640487057674,
  "best_f1_pixel": 0.8529411764705882,
  "best_f1_feature": 0.8702290076335878,
  "best_f1_combined": 0.8613138686131386,
  "accuracy_pixel_f1": 0.8165137614678899,
  "precision_pixel_f1": 0.8656716417910447,
  "recall_pixel_f1": 0.8405797101449275,
  "f1_pixel_f1": 0.8529411764705882,
  "accuracy_feature_f1": 0.8440366972477065,
  "precision_feature_f1": 0.9193548387096774,
  "recall_feature_f1": 0.8260869565217391,
  "f1_feature_f1": 0.8702290076335878,
  "accuracy_combined_f1": 0.8256880733944955,
  "precision_combined_f1": 0.8676470588235294,
  "recall_combined_f1": 0.855072463768116,
  "f1_combined_f1": 0.8613138686131386,
  "train_loss_last": 0.0003612269050790928,
  "val_loss_last": 0.0013749819209127204,
  "best_val_loss": 0.0005328424445860371,
  "val_pixel_min": 0.0003461427695583552,
  "val_pixel_max": 0.0011227424256503582,
  "val_feature_min": 0.0026917525101453066,
  "val_feature_max": 0.012891720980405807,
  "advanced_description": "Convolutional Autoencoder baseline",
  "threshold_recomputed": true
}